model,question,mode,planning_time,research_time,critic_time,synthesis_time,total_time,confidence,answer_length,citation_count,key_points_count,caveats_count,success,error
gpt-4.1-mini,What is machine learning?,fast,5.07020902633667,0.19607996940612793,,11.899953842163086,17.16637110710144,0.9,2787,3,3,2,True,
gpt-4.1-nano,What is machine learning?,fast,4.742441892623901,0.19607996940612793,,14.709025859832764,19.452409982681274,0.9,3578,3,2,2,True,
gpt-5-mini,What is machine learning?,fast,5.070207834243774,0.1960771083831787,,18.93344807624817,23.118773937225342,0.8,4366,6,2,2,True,
gpt-5-nano,What is machine learning?,fast,5.070207834243774,0.19607806205749512,,18.84049892425537,23.74834704399109,0.8,4583,6,3,2,True,
o3-mini,What is machine learning?,fast,4.742442846298218,0.19608235359191895,,19.68250012397766,24.71183204650879,0.8,4908,6,2,2,True,
gpt-4.1,What is machine learning?,fast,5.070207834243774,0.19607901573181152,,20.21439504623413,25.080241918563843,0.9,5267,6,4,3,True,
