model,question,mode,planning_time,research_time,critic_time,synthesis_time,total_time,confidence,answer_length,citation_count,key_points_count,caveats_count,success,error
gpt-4.1-nano,What is machine learning?,fast,3.3791868686676025,0.36940884590148926,,11.28421401977539,14.9535231590271,0.9,3545,3,2,2,True,
gpt-5-nano,What is machine learning?,fast,5.033836126327515,0.36940884590148926,,11.374919176101685,16.77848792076111,0.9,3375,3,2,2,True,
gpt-4.1-mini,What is machine learning?,fast,5.002525806427002,0.36940884590148926,,11.389453887939453,16.792081117630005,0.9,3375,3,2,2,True,
o3-mini,What is machine learning?,fast,3.2552969455718994,0.36940979957580566,,14.839365720748901,18.502553939819336,0.8,4131,5,2,2,True,
gpt-4.1,What is machine learning?,fast,5.0025248527526855,0.36940884590148926,,18.11923909187317,22.074612140655518,0.8,4962,6,2,2,True,
gpt-5-mini,What is machine learning?,fast,5.033836126327515,0.36940789222717285,,18.53658699989319,22.32482099533081,0.8,4975,6,3,3,True,
